,Baseline_path_1,Baseline_path_2,Baseline_path_3,Baseline_path_4,Baseline_path_5,Baseline_path_6,Baseline_path_7,Baseline_path_8,Baseline_path_9,Baseline_path_10,Baseline_path_11,Baseline_path_12,Baseline_path_13,Baseline_path_14,Baseline_path_15,Baseline_path_16,Baseline_path_17,Baseline_path_18,Baseline_path_19,Baseline_path_20,Baseline_path_21,Baseline_path_22,Baseline_path_23,Baseline_path_24,Baseline_path_25,Baseline_path_26,Baseline_path_27,Baseline_path_28,Baseline_path_29,Baseline_path_30,Baseline_path_31,Baseline_path_32,Baseline_path_33,Baseline_path_34,Baseline_path_35,Baseline_path_36,Baseline_path_37,Baseline_path_38,Baseline_path_39,Baseline_path_40,Baseline_path_41,Baseline_path_42,Baseline_path_43,Baseline_path_44,Baseline_path_45,Baseline_path_46,Baseline_path_47,Baseline_path_48,Baseline_path_49,Baseline_path_50,Carbon Price Shock_path_1,Carbon Price Shock_path_2,Carbon Price Shock_path_3,Carbon Price Shock_path_4,Carbon Price Shock_path_5,Carbon Price Shock_path_6,Carbon Price Shock_path_7,Carbon Price Shock_path_8,Carbon Price Shock_path_9,Carbon Price Shock_path_10,Carbon Price Shock_path_11,Carbon Price Shock_path_12,Carbon Price Shock_path_13,Carbon Price Shock_path_14,Carbon Price Shock_path_15,Carbon Price Shock_path_16,Carbon Price Shock_path_17,Carbon Price Shock_path_18,Carbon Price Shock_path_19,Carbon Price Shock_path_20,Carbon Price Shock_path_21,Carbon Price Shock_path_22,Carbon Price Shock_path_23,Carbon Price Shock_path_24,Carbon Price Shock_path_25,Carbon Price Shock_path_26,Carbon Price Shock_path_27,Carbon Price Shock_path_28,Carbon Price Shock_path_29,Carbon Price Shock_path_30,Carbon Price Shock_path_31,Carbon Price Shock_path_32,Carbon Price Shock_path_33,Carbon Price Shock_path_34,Carbon Price Shock_path_35,Carbon Price Shock_path_36,Carbon Price Shock_path_37,Carbon Price Shock_path_38,Carbon Price Shock_path_39,Carbon Price Shock_path_40,Carbon Price Shock_path_41,Carbon Price Shock_path_42,Carbon Price Shock_path_43,Carbon Price Shock_path_44,Carbon Price Shock_path_45,Carbon Price Shock_path_46,Carbon Price Shock_path_47,Carbon Price Shock_path_48,Carbon Price Shock_path_49,Carbon Price Shock_path_50,Gas Price Shock_path_1,Gas Price Shock_path_2,Gas Price Shock_path_3,Gas Price Shock_path_4,Gas Price Shock_path_5,Gas Price Shock_path_6,Gas Price Shock_path_7,Gas Price Shock_path_8,Gas Price Shock_path_9,Gas Price Shock_path_10,Gas Price Shock_path_11,Gas Price Shock_path_12,Gas Price Shock_path_13,Gas Price Shock_path_14,Gas Price Shock_path_15,Gas Price Shock_path_16,Gas Price Shock_path_17,Gas Price Shock_path_18,Gas Price Shock_path_19,Gas Price Shock_path_20,Gas Price Shock_path_21,Gas Price Shock_path_22,Gas Price Shock_path_23,Gas Price Shock_path_24,Gas Price Shock_path_25,Gas Price Shock_path_26,Gas Price Shock_path_27,Gas Price Shock_path_28,Gas Price Shock_path_29,Gas Price Shock_path_30,Gas Price Shock_path_31,Gas Price Shock_path_32,Gas Price Shock_path_33,Gas Price Shock_path_34,Gas Price Shock_path_35,Gas Price Shock_path_36,Gas Price Shock_path_37,Gas Price Shock_path_38,Gas Price Shock_path_39,Gas Price Shock_path_40,Gas Price Shock_path_41,Gas Price Shock_path_42,Gas Price Shock_path_43,Gas Price Shock_path_44,Gas Price Shock_path_45,Gas Price Shock_path_46,Gas Price Shock_path_47,Gas Price Shock_path_48,Gas Price Shock_path_49,Gas Price Shock_path_50,Freight Cost Shock_path_1,Freight Cost Shock_path_2,Freight Cost Shock_path_3,Freight Cost Shock_path_4,Freight Cost Shock_path_5,Freight Cost Shock_path_6,Freight Cost Shock_path_7,Freight Cost Shock_path_8,Freight Cost Shock_path_9,Freight Cost Shock_path_10,Freight Cost Shock_path_11,Freight Cost Shock_path_12,Freight Cost Shock_path_13,Freight Cost Shock_path_14,Freight Cost Shock_path_15,Freight Cost Shock_path_16,Freight Cost Shock_path_17,Freight Cost Shock_path_18,Freight Cost Shock_path_19,Freight Cost Shock_path_20,Freight Cost Shock_path_21,Freight Cost Shock_path_22,Freight Cost Shock_path_23,Freight Cost Shock_path_24,Freight Cost Shock_path_25,Freight Cost Shock_path_26,Freight Cost Shock_path_27,Freight Cost Shock_path_28,Freight Cost Shock_path_29,Freight Cost Shock_path_30,Freight Cost Shock_path_31,Freight Cost Shock_path_32,Freight Cost Shock_path_33,Freight Cost Shock_path_34,Freight Cost Shock_path_35,Freight Cost Shock_path_36,Freight Cost Shock_path_37,Freight Cost Shock_path_38,Freight Cost Shock_path_39,Freight Cost Shock_path_40,Freight Cost Shock_path_41,Freight Cost Shock_path_42,Freight Cost Shock_path_43,Freight Cost Shock_path_44,Freight Cost Shock_path_45,Freight Cost Shock_path_46,Freight Cost Shock_path_47,Freight Cost Shock_path_48,Freight Cost Shock_path_49,Freight Cost Shock_path_50
0,105.1401334782006,104.82702028531048,103.86053088769535,104.78633900657076,104.95196476145199,103.94067803853109,104.48559322926724,103.5359146378224,104.89358539142867,104.84617949910167,105.50187677010834,103.22395896652431,104.84904623480891,106.82283296431487,104.22802240925058,105.2986286630592,104.79276733472548,102.83634594335852,103.57975432567834,103.65045347841921,103.55554673852545,107.13794933482109,104.21919749383342,104.77428912400939,104.87499120275517,103.51071654589762,105.54413832208407,103.29313997943578,103.51501567705233,103.64659350403278,105.1679507050927,106.31321393703921,103.59658371653221,102.42402880124314,104.67748093801762,107.06247299271278,104.19850122346878,102.92631522675333,104.39807665384197,103.87759260612287,104.37240434980754,104.62471935908935,103.72992789065793,105.14529938936123,104.8488492207393,105.55676816790977,105.96493686858597,106.00602766064341,104.81921836912072,105.55018479438138,105.1401334782006,104.82702028531048,103.86053088769535,104.78633900657076,104.95196476145199,103.94067803853109,104.48559322926724,103.5359146378224,104.89358539142867,104.84617949910167,105.50187677010834,103.22395896652431,104.84904623480891,106.82283296431487,104.22802240925058,105.2986286630592,104.79276733472548,102.83634594335852,103.57975432567834,103.65045347841921,103.55554673852545,107.13794933482109,104.21919749383342,104.77428912400939,104.87499120275517,103.51071654589762,105.54413832208407,103.29313997943578,103.51501567705233,103.64659350403278,105.1679507050927,106.31321393703921,103.59658371653221,102.42402880124314,104.67748093801762,107.06247299271278,104.19850122346878,102.92631522675333,104.39807665384197,103.87759260612287,104.37240434980754,104.62471935908935,103.72992789065793,105.14529938936123,104.8488492207393,105.55676816790977,105.96493686858597,106.00602766064341,104.81921836912072,105.55018479438138,105.1401334782006,104.82702028531048,103.86053088769535,104.78633900657076,104.95196476145199,103.94067803853109,104.48559322926724,103.5359146378224,104.89358539142867,104.84617949910167,105.50187677010834,103.22395896652431,104.84904623480891,106.82283296431487,104.22802240925058,105.2986286630592,104.79276733472548,102.83634594335852,103.57975432567834,103.65045347841921,103.55554673852545,107.13794933482109,104.21919749383342,104.77428912400939,104.87499120275517,103.51071654589762,105.54413832208407,103.29313997943578,103.51501567705233,103.64659350403278,105.1679507050927,106.31321393703921,103.59658371653221,102.42402880124314,104.67748093801762,107.06247299271278,104.19850122346878,102.92631522675333,104.39807665384197,103.87759260612287,104.37240434980754,104.62471935908935,103.72992789065793,105.14529938936123,104.8488492207393,105.55676816790977,105.96493686858597,106.00602766064341,104.81921836912072,105.55018479438138,105.1401334782006,104.82702028531048,103.86053088769535,104.78633900657076,104.95196476145199,103.94067803853109,104.48559322926724,103.5359146378224,104.89358539142867,104.84617949910167,105.50187677010834,103.22395896652431,104.84904623480891,106.82283296431487,104.22802240925058,105.2986286630592,104.79276733472548,102.83634594335852,103.57975432567834,103.65045347841921,103.55554673852545,107.13794933482109,104.21919749383342,104.77428912400939,104.87499120275517,103.51071654589762,105.54413832208407,103.29313997943578,103.51501567705233,103.64659350403278,105.1679507050927,106.31321393703921,103.59658371653221,102.42402880124314,104.67748093801762,107.06247299271278,104.19850122346878,102.92631522675333,104.39807665384197,103.87759260612287,104.37240434980754,104.62471935908935,103.72992789065793,105.14529938936123,104.8488492207393,105.55676816790977,105.96493686858597,106.00602766064341,104.81921836912072,105.55018479438138
1,104.72837251314691,102.54671675326385,105.0346458273517,102.48969937965869,102.73137546429047,104.67012015369306,106.82140101046274,104.28160692883104,105.21917252563816,104.8068111032994,103.78059214201544,105.48039999102214,105.85924318944893,105.48069557540778,103.97190171056424,103.84478742941756,103.36718582537867,103.74563976786764,104.6072403232111,105.73359923178604,104.75729038897215,106.16730544271816,103.36467306815612,104.16059085355428,104.13295764437638,104.20979853229656,105.89818909972853,103.40596384394604,104.5032995130892,104.63596596348839,106.78218718470666,106.07734283695682,105.08315951202634,106.56234396800971,105.53060392954255,107.05578516747818,105.78023647594918,105.72140025968343,103.62590508251598,104.19057899314235,103.723865931928,103.83971540813558,104.29959056725397,103.69680773870006,103.78682465211874,103.5097995953408,105.21101821016296,104.39675020792617,105.84577520840227,103.8461071417022,104.72837251314691,102.54671675326385,105.0346458273517,102.48969937965869,102.73137546429047,104.67012015369306,106.82140101046274,104.28160692883104,105.21917252563816,104.8068111032994,103.78059214201544,105.48039999102214,105.85924318944893,105.48069557540778,103.97190171056424,103.84478742941756,103.36718582537867,103.74563976786764,104.6072403232111,105.73359923178604,104.75729038897215,106.16730544271816,103.36467306815612,104.16059085355428,104.13295764437638,104.20979853229656,105.89818909972853,103.40596384394604,104.5032995130892,104.63596596348839,106.78218718470666,106.07734283695682,105.08315951202634,106.56234396800971,105.53060392954255,107.05578516747818,105.78023647594918,105.72140025968343,103.62590508251598,104.19057899314235,103.723865931928,103.83971540813558,104.29959056725397,103.69680773870006,103.78682465211874,103.5097995953408,105.21101821016296,104.39675020792617,105.84577520840227,103.8461071417022,104.72837251314691,102.54671675326385,105.0346458273517,102.48969937965869,102.73137546429047,104.67012015369306,106.82140101046274,104.28160692883104,105.21917252563816,104.8068111032994,103.78059214201544,105.48039999102214,105.85924318944893,105.48069557540778,103.97190171056424,103.84478742941756,103.36718582537867,103.74563976786764,104.6072403232111,105.73359923178604,104.75729038897215,106.16730544271816,103.36467306815612,104.16059085355428,104.13295764437638,104.20979853229656,105.89818909972853,103.40596384394604,104.5032995130892,104.63596596348839,106.78218718470666,106.07734283695682,105.08315951202634,106.56234396800971,105.53060392954255,107.05578516747818,105.78023647594918,105.72140025968343,103.62590508251598,104.19057899314235,103.723865931928,103.83971540813558,104.29959056725397,103.69680773870006,103.78682465211874,103.5097995953408,105.21101821016296,104.39675020792617,105.84577520840227,103.8461071417022,104.72837251314691,102.54671675326385,105.0346458273517,102.48969937965869,102.73137546429047,104.67012015369306,106.82140101046274,104.28160692883104,105.21917252563816,104.8068111032994,103.78059214201544,105.48039999102214,105.85924318944893,105.48069557540778,103.97190171056424,103.84478742941756,103.36718582537867,103.74563976786764,104.6072403232111,105.73359923178604,104.75729038897215,106.16730544271816,103.36467306815612,104.16059085355428,104.13295764437638,104.20979853229656,105.89818909972853,103.40596384394604,104.5032995130892,104.63596596348839,106.78218718470666,106.07734283695682,105.08315951202634,106.56234396800971,105.53060392954255,107.05578516747818,105.78023647594918,105.72140025968343,103.62590508251598,104.19057899314235,103.723865931928,103.83971540813558,104.29959056725397,103.69680773870006,103.78682465211874,103.5097995953408,105.21101821016296,104.39675020792617,105.84577520840227,103.8461071417022
2,106.06306512341904,103.14691646944291,103.85232148929632,103.63453585338564,105.6653257262985,103.90721096774239,102.0470925054389,106.39210942022068,105.27328200470124,102.908653060779,106.99115867923882,104.13694123777427,103.7466723676673,103.8027769378843,104.17370310334515,103.9507729887335,105.47985218430647,105.90002220903233,104.67044123258192,104.36931019704681,105.88767231917711,103.39955346048272,107.27337881206296,105.35279020244518,105.01119595973033,106.18548879458702,106.87154908917825,106.69042051821603,105.77452735226285,105.64913072966014,105.1333210047028,107.9134538440409,105.68704622669978,105.12621723256423,106.14163639955616,104.96099755863487,107.11353032807857,105.71757963251532,104.58651183648045,104.92893359265666,103.2925287148104,107.13905488759137,104.53889118198454,105.38908552460734,106.05188521603799,105.91817454125702,105.68194142705349,102.7619569937773,103.44968035559819,105.35495850571402,106.06306512341904,103.14691646944291,103.85232148929632,103.63453585338564,105.6653257262985,103.90721096774239,102.0470925054389,106.39210942022068,105.27328200470124,102.908653060779,106.99115867923882,104.13694123777427,103.7466723676673,103.8027769378843,104.17370310334515,103.9507729887335,105.47985218430647,105.90002220903233,104.67044123258192,104.36931019704681,105.88767231917711,103.39955346048272,107.27337881206296,105.35279020244518,105.01119595973033,106.18548879458702,106.87154908917825,106.69042051821603,105.77452735226285,105.64913072966014,105.1333210047028,107.9134538440409,105.68704622669978,105.12621723256423,106.14163639955616,104.96099755863487,107.11353032807857,105.71757963251532,104.58651183648045,104.92893359265666,103.2925287148104,107.13905488759137,104.53889118198454,105.38908552460734,106.05188521603799,105.91817454125702,105.68194142705349,102.7619569937773,103.44968035559819,105.35495850571402,106.06306512341904,103.14691646944291,103.85232148929632,103.63453585338564,105.6653257262985,103.90721096774239,102.0470925054389,106.39210942022068,105.27328200470124,102.908653060779,106.99115867923882,104.13694123777427,103.7466723676673,103.8027769378843,104.17370310334515,103.9507729887335,105.47985218430647,105.90002220903233,104.67044123258192,104.36931019704681,105.88767231917711,103.39955346048272,107.27337881206296,105.35279020244518,105.01119595973033,106.18548879458702,106.87154908917825,106.69042051821603,105.77452735226285,105.64913072966014,105.1333210047028,107.9134538440409,105.68704622669978,105.12621723256423,106.14163639955616,104.96099755863487,107.11353032807857,105.71757963251532,104.58651183648045,104.92893359265666,103.2925287148104,107.13905488759137,104.53889118198454,105.38908552460734,106.05188521603799,105.91817454125702,105.68194142705349,102.7619569937773,103.44968035559819,105.35495850571402,106.06306512341904,103.14691646944291,103.85232148929632,103.63453585338564,105.6653257262985,103.90721096774239,102.0470925054389,106.39210942022068,105.27328200470124,102.908653060779,106.99115867923882,104.13694123777427,103.7466723676673,103.8027769378843,104.17370310334515,103.9507729887335,105.47985218430647,105.90002220903233,104.67044123258192,104.36931019704681,105.88767231917711,103.39955346048272,107.27337881206296,105.35279020244518,105.01119595973033,106.18548879458702,106.87154908917825,106.69042051821603,105.77452735226285,105.64913072966014,105.1333210047028,107.9134538440409,105.68704622669978,105.12621723256423,106.14163639955616,104.96099755863487,107.11353032807857,105.71757963251532,104.58651183648045,104.92893359265666,103.2925287148104,107.13905488759137,104.53889118198454,105.38908552460734,106.05188521603799,105.91817454125702,105.68194142705349,102.7619569937773,103.44968035559819,105.35495850571402
3,106.23575306912656,103.67270866252305,104.82557806636618,104.60577142293822,103.8905100029552,102.89356453729323,105.37400389352798,104.76787605297339,104.07548220311014,104.33122312943674,102.64080885030945,106.26882120220806,102.74085001933646,105.1707750875512,103.3611061767441,104.95681349490094,104.83740113491099,104.99530067339943,104.46444184092829,104.62985835002357,105.4279028309592,103.76864344739276,102.60603748430431,103.89022569404102,103.7578681782488,105.11401156546937,104.38962671817563,105.33683642086058,103.67094243008734,106.17715783762972,104.85755127023371,103.42067126242557,106.66979540098313,105.88519972660836,102.98152384523283,105.55796000375352,104.45488030241938,103.20861349448663,102.89151039655124,101.53454097175396,104.61388637201108,105.02618046459791,103.30188798640796,105.28733408772088,102.32165207290126,106.13562981398984,103.8575769013571,103.1247814828478,105.76958865776405,103.77672671800607,106.23575306912656,103.67270866252305,104.82557806636618,104.60577142293822,103.8905100029552,102.89356453729323,105.37400389352798,104.76787605297339,104.07548220311014,104.33122312943674,102.64080885030945,106.26882120220806,102.74085001933646,105.1707750875512,103.3611061767441,104.95681349490094,104.83740113491099,104.99530067339943,104.46444184092829,104.62985835002357,105.4279028309592,103.76864344739276,102.60603748430431,103.89022569404102,103.7578681782488,105.11401156546937,104.38962671817563,105.33683642086058,103.67094243008734,106.17715783762972,104.85755127023371,103.42067126242557,106.66979540098313,105.88519972660836,102.98152384523283,105.55796000375352,104.45488030241938,103.20861349448663,102.89151039655124,101.53454097175396,104.61388637201108,105.02618046459791,103.30188798640796,105.28733408772088,102.32165207290126,106.13562981398984,103.8575769013571,103.1247814828478,105.76958865776405,103.77672671800607,106.23575306912656,103.67270866252305,104.82557806636618,104.60577142293822,103.8905100029552,102.89356453729323,105.37400389352798,104.76787605297339,104.07548220311014,104.33122312943674,102.64080885030945,106.26882120220806,102.74085001933646,105.1707750875512,103.3611061767441,104.95681349490094,104.83740113491099,104.99530067339943,104.46444184092829,104.62985835002357,105.4279028309592,103.76864344739276,102.60603748430431,103.89022569404102,103.7578681782488,105.11401156546937,104.38962671817563,105.33683642086058,103.67094243008734,106.17715783762972,104.85755127023371,103.42067126242557,106.66979540098313,105.88519972660836,102.98152384523283,105.55796000375352,104.45488030241938,103.20861349448663,102.89151039655124,101.53454097175396,104.61388637201108,105.02618046459791,103.30188798640796,105.28733408772088,102.32165207290126,106.13562981398984,103.8575769013571,103.1247814828478,105.76958865776405,103.77672671800607,106.23575306912656,103.67270866252305,104.82557806636618,104.60577142293822,103.8905100029552,102.89356453729323,105.37400389352798,104.76787605297339,104.07548220311014,104.33122312943674,102.64080885030945,106.26882120220806,102.74085001933646,105.1707750875512,103.3611061767441,104.95681349490094,104.83740113491099,104.99530067339943,104.46444184092829,104.62985835002357,105.4279028309592,103.76864344739276,102.60603748430431,103.89022569404102,103.7578681782488,105.11401156546937,104.38962671817563,105.33683642086058,103.67094243008734,106.17715783762972,104.85755127023371,103.42067126242557,106.66979540098313,105.88519972660836,102.98152384523283,105.55796000375352,104.45488030241938,103.20861349448663,102.89151039655124,101.53454097175396,104.61388637201108,105.02618046459791,103.30188798640796,105.28733408772088,102.32165207290126,106.13562981398984,103.8575769013571,103.1247814828478,105.76958865776405,103.77672671800607
4,104.44470054087154,103.48763489025644,103.99425681289114,105.64013877576497,103.9004976981633,105.73116430899738,104.83948504916586,104.08137290789423,102.99287714595539,104.80652469544025,105.45379695161164,103.76980688574278,105.37400987336775,103.53452402827682,104.6377312972872,104.45784024590976,103.64615525842284,105.3655366697542,107.57742184019943,104.78850822773497,103.25722303167312,106.28964513224892,104.19164167005164,104.87201942302498,104.00811350015123,104.70680634195224,105.57067841943098,105.49959622181521,103.72191277779402,105.78663784818394,105.58074592723888,105.80465756496794,105.90065349107074,102.77279993752535,102.84693069060667,105.52572193868194,106.73421267691988,104.10090719997282,107.14732187736062,102.87018890915185,103.80287255872828,103.45762659667918,104.79213378506797,102.68064563197544,104.65127822637115,101.6946207912574,104.1331839763751,102.43312316631909,105.1485391178463,105.3212059942888,104.44470054087154,103.48763489025644,103.99425681289114,105.64013877576497,103.9004976981633,105.73116430899738,104.83948504916586,104.08137290789423,102.99287714595539,104.80652469544025,105.45379695161164,103.76980688574278,105.37400987336775,103.53452402827682,104.6377312972872,104.45784024590976,103.64615525842284,105.3655366697542,107.57742184019943,104.78850822773497,103.25722303167312,106.28964513224892,104.19164167005164,104.87201942302498,104.00811350015123,104.70680634195224,105.57067841943098,105.49959622181521,103.72191277779402,105.78663784818394,105.58074592723888,105.80465756496794,105.90065349107074,102.77279993752535,102.84693069060667,105.52572193868194,106.73421267691988,104.10090719997282,107.14732187736062,102.87018890915185,103.80287255872828,103.45762659667918,104.79213378506797,102.68064563197544,104.65127822637115,101.6946207912574,104.1331839763751,102.43312316631909,105.1485391178463,105.3212059942888,104.44470054087154,103.48763489025644,103.99425681289114,105.64013877576497,103.9004976981633,105.73116430899738,104.83948504916586,104.08137290789423,102.99287714595539,104.80652469544025,105.45379695161164,103.76980688574278,105.37400987336775,103.53452402827682,104.6377312972872,104.45784024590976,103.64615525842284,105.3655366697542,107.57742184019943,104.78850822773497,103.25722303167312,106.28964513224892,104.19164167005164,104.87201942302498,104.00811350015123,104.70680634195224,105.57067841943098,105.49959622181521,103.72191277779402,105.78663784818394,105.58074592723888,105.80465756496794,105.90065349107074,102.77279993752535,102.84693069060667,105.52572193868194,106.73421267691988,104.10090719997282,107.14732187736062,102.87018890915185,103.80287255872828,103.45762659667918,104.79213378506797,102.68064563197544,104.65127822637115,101.6946207912574,104.1331839763751,102.43312316631909,105.1485391178463,105.3212059942888,104.44470054087154,103.48763489025644,103.99425681289114,105.64013877576497,103.9004976981633,105.73116430899738,104.83948504916586,104.08137290789423,102.99287714595539,104.80652469544025,105.45379695161164,103.76980688574278,105.37400987336775,103.53452402827682,104.6377312972872,104.45784024590976,103.64615525842284,105.3655366697542,107.57742184019943,104.78850822773497,103.25722303167312,106.28964513224892,104.19164167005164,104.87201942302498,104.00811350015123,104.70680634195224,105.57067841943098,105.49959622181521,103.72191277779402,105.78663784818394,105.58074592723888,105.80465756496794,105.90065349107074,102.77279993752535,102.84693069060667,105.52572193868194,106.73421267691988,104.10090719997282,107.14732187736062,102.87018890915185,103.80287255872828,103.45762659667918,104.79213378506797,102.68064563197544,104.65127822637115,101.6946207912574,104.1331839763751,102.43312316631909,105.1485391178463,105.3212059942888
5,104.81340592880116,105.48742001205723,104.7426634044371,105.31180868495404,105.85298720480853,106.7681236447614,104.7336743251607,105.73203378593405,104.58417021289543,108.12872971787115,107.79345035767315,104.70533866222759,105.46620263631118,106.06857995029381,105.5204882601962,105.97875294374792,105.29012362063904,109.83653832449426,102.80614304477393,104.30030551744521,104.69004911731211,104.23139148052435,105.26187354800051,105.91500022589403,106.14541962590638,105.24538751473054,104.71983549271458,105.87347519021675,105.40069521660507,104.90460253252843,104.60804511833597,105.32652547959698,104.39211453404619,104.36449518332229,106.67156233049238,106.78335395896329,103.40491150711334,103.79931191637803,105.14452361490389,106.78119408988947,103.35310256288457,104.86723799025992,104.07986836724191,105.76902051939163,103.61273264211086,104.12172488340202,104.5695282200966,104.66913951962029,104.59075495482426,105.51128253048984,104.81340592880116,105.48742001205723,104.7426634044371,105.31180868495404,105.85298720480853,106.7681236447614,104.7336743251607,105.73203378593405,104.58417021289543,108.12872971787115,107.79345035767315,104.70533866222759,105.46620263631118,106.06857995029381,105.5204882601962,105.97875294374792,105.29012362063904,109.83653832449426,102.80614304477393,104.30030551744521,104.69004911731211,104.23139148052435,105.26187354800051,105.91500022589403,106.14541962590638,105.24538751473054,104.71983549271458,105.87347519021675,105.40069521660507,104.90460253252843,104.60804511833597,105.32652547959698,104.39211453404619,104.36449518332229,106.67156233049238,106.78335395896329,103.40491150711334,103.79931191637803,105.14452361490389,106.78119408988947,103.35310256288457,104.86723799025992,104.07986836724191,105.76902051939163,103.61273264211086,104.12172488340202,104.5695282200966,104.66913951962029,104.59075495482426,105.51128253048984,104.81340592880116,105.48742001205723,104.7426634044371,105.31180868495404,105.85298720480853,106.7681236447614,104.7336743251607,105.73203378593405,104.58417021289543,108.12872971787115,107.79345035767315,104.70533866222759,105.46620263631118,106.06857995029381,105.5204882601962,105.97875294374792,105.29012362063904,109.83653832449426,102.80614304477393,104.30030551744521,104.69004911731211,104.23139148052435,105.26187354800051,105.91500022589403,106.14541962590638,105.24538751473054,104.71983549271458,105.87347519021675,105.40069521660507,104.90460253252843,104.60804511833597,105.32652547959698,104.39211453404619,104.36449518332229,106.67156233049238,106.78335395896329,103.40491150711334,103.79931191637803,105.14452361490389,106.78119408988947,103.35310256288457,104.86723799025992,104.07986836724191,105.76902051939163,103.61273264211086,104.12172488340202,104.5695282200966,104.66913951962029,104.59075495482426,105.51128253048984,104.81340592880116,105.48742001205723,104.7426634044371,105.31180868495404,105.85298720480853,106.7681236447614,104.7336743251607,105.73203378593405,104.58417021289543,108.12872971787115,107.79345035767315,104.70533866222759,105.46620263631118,106.06857995029381,105.5204882601962,105.97875294374792,105.29012362063904,109.83653832449426,102.80614304477393,104.30030551744521,104.69004911731211,104.23139148052435,105.26187354800051,105.91500022589403,106.14541962590638,105.24538751473054,104.71983549271458,105.87347519021675,105.40069521660507,104.90460253252843,104.60804511833597,105.32652547959698,104.39211453404619,104.36449518332229,106.67156233049238,106.78335395896329,103.40491150711334,103.79931191637803,105.14452361490389,106.78119408988947,103.35310256288457,104.86723799025992,104.07986836724191,105.76902051939163,103.61273264211086,104.12172488340202,104.5695282200966,104.66913951962029,104.59075495482426,105.51128253048984
6,106.13899143259708,103.08195146097438,103.45844343593133,104.05585325572943,105.46518751960598,104.10948851755714,104.31077782117535,104.31731261770663,103.77676823714069,103.96156640382107,102.98053641437608,105.19788201996106,104.50587395221424,105.6220146583413,104.53807361019935,104.77964750419885,104.26953929537197,104.8996717677858,105.04147157928398,106.83309744377516,103.61424458443426,104.7434898697187,105.96945123016654,106.14735416716097,104.63679994327886,105.7683616597493,104.59642537564787,104.18294309945688,104.49908165326464,104.17462284913192,104.47342550222157,106.88946212674404,103.09376229120363,104.20444047831408,104.60643958894192,103.01201695046868,102.10438381602067,104.12095719365554,103.33796931326002,106.21981017254998,103.40329871392413,103.12178115871718,104.53041149068284,103.38357073154957,103.39682973428675,104.90726953571829,104.68281299313028,104.22063335559994,104.97574186311056,105.47322629179921,106.13899143259708,103.08195146097438,103.45844343593133,104.05585325572943,105.46518751960598,104.10948851755714,104.31077782117535,104.31731261770663,103.77676823714069,103.96156640382107,102.98053641437608,105.19788201996106,104.50587395221424,105.6220146583413,104.53807361019935,104.77964750419885,104.26953929537197,104.8996717677858,105.04147157928398,106.83309744377516,103.61424458443426,104.7434898697187,105.96945123016654,106.14735416716097,104.63679994327886,105.7683616597493,104.59642537564787,104.18294309945688,104.49908165326464,104.17462284913192,104.47342550222157,106.88946212674404,103.09376229120363,104.20444047831408,104.60643958894192,103.01201695046868,102.10438381602067,104.12095719365554,103.33796931326002,106.21981017254998,103.40329871392413,103.12178115871718,104.53041149068284,103.38357073154957,103.39682973428675,104.90726953571829,104.68281299313028,104.22063335559994,104.97574186311056,105.47322629179921,106.13899143259708,103.08195146097438,103.45844343593133,104.05585325572943,105.46518751960598,104.10948851755714,104.31077782117535,104.31731261770663,103.77676823714069,103.96156640382107,102.98053641437608,105.19788201996106,104.50587395221424,105.6220146583413,104.53807361019935,104.77964750419885,104.26953929537197,104.8996717677858,105.04147157928398,106.83309744377516,103.61424458443426,104.7434898697187,105.96945123016654,106.14735416716097,104.63679994327886,105.7683616597493,104.59642537564787,104.18294309945688,104.49908165326464,104.17462284913192,104.47342550222157,106.88946212674404,103.09376229120363,104.20444047831408,104.60643958894192,103.01201695046868,102.10438381602067,104.12095719365554,103.33796931326002,106.21981017254998,103.40329871392413,103.12178115871718,104.53041149068284,103.38357073154957,103.39682973428675,104.90726953571829,104.68281299313028,104.22063335559994,104.97574186311056,105.47322629179921,106.13899143259708,103.08195146097438,103.45844343593133,104.05585325572943,105.46518751960598,104.10948851755714,104.31077782117535,104.31731261770663,103.77676823714069,103.96156640382107,102.98053641437608,105.19788201996106,104.50587395221424,105.6220146583413,104.53807361019935,104.77964750419885,104.26953929537197,104.8996717677858,105.04147157928398,106.83309744377516,103.61424458443426,104.7434898697187,105.96945123016654,106.14735416716097,104.63679994327886,105.7683616597493,104.59642537564787,104.18294309945688,104.49908165326464,104.17462284913192,104.47342550222157,106.88946212674404,103.09376229120363,104.20444047831408,104.60643958894192,103.01201695046868,102.10438381602067,104.12095719365554,103.33796931326002,106.21981017254998,103.40329871392413,103.12178115871718,104.53041149068284,103.38357073154957,103.39682973428675,104.90726953571829,104.68281299313028,104.22063335559994,104.97574186311056,105.47322629179921
7,105.50992766680581,102.83083122298906,106.84329877349005,104.19659692318663,105.71130852766814,105.80011375308725,102.12377804378436,105.75723334724097,103.58060909635707,104.93730976743377,103.87064937667857,103.05383670110443,104.99249701002174,103.55798761986108,105.58336402270211,104.47716735797513,103.16186643044227,105.96239398147844,102.58450646950286,105.34582474033911,103.76367975736639,105.51877629001541,102.80187574910444,103.04529306680013,103.71503189786344,103.83958575471988,104.40672307388576,103.46387361408038,103.94360151301849,103.33448108888958,104.5821579081525,103.57320872084142,105.17129403059408,104.62442411965809,103.64672279081582,105.40990023969425,104.49840753876121,105.7406373397761,104.82968144317674,104.26059280001503,103.23736000696692,102.86709428143392,104.50493350628462,105.2679982763411,104.6249379749291,104.31711948897602,104.0492525533751,106.62717437576893,107.3575683975823,103.939824242319,105.50992766680581,102.83083122298906,106.84329877349005,104.19659692318663,105.71130852766814,105.80011375308725,102.12377804378436,105.75723334724097,103.58060909635707,104.93730976743377,103.87064937667857,103.05383670110443,104.99249701002174,103.55798761986108,105.58336402270211,104.47716735797513,103.16186643044227,105.96239398147844,102.58450646950286,105.34582474033911,103.76367975736639,105.51877629001541,102.80187574910444,103.04529306680013,103.71503189786344,103.83958575471988,104.40672307388576,103.46387361408038,103.94360151301849,103.33448108888958,104.5821579081525,103.57320872084142,105.17129403059408,104.62442411965809,103.64672279081582,105.40990023969425,104.49840753876121,105.7406373397761,104.82968144317674,104.26059280001503,103.23736000696692,102.86709428143392,104.50493350628462,105.2679982763411,104.6249379749291,104.31711948897602,104.0492525533751,106.62717437576893,107.3575683975823,103.939824242319,105.50992766680581,102.83083122298906,106.84329877349005,104.19659692318663,105.71130852766814,105.80011375308725,102.12377804378436,105.75723334724097,103.58060909635707,104.93730976743377,103.87064937667857,103.05383670110443,104.99249701002174,103.55798761986108,105.58336402270211,104.47716735797513,103.16186643044227,105.96239398147844,102.58450646950286,105.34582474033911,103.76367975736639,105.51877629001541,102.80187574910444,103.04529306680013,103.71503189786344,103.83958575471988,104.40672307388576,103.46387361408038,103.94360151301849,103.33448108888958,104.5821579081525,103.57320872084142,105.17129403059408,104.62442411965809,103.64672279081582,105.40990023969425,104.49840753876121,105.7406373397761,104.82968144317674,104.26059280001503,103.23736000696692,102.86709428143392,104.50493350628462,105.2679982763411,104.6249379749291,104.31711948897602,104.0492525533751,106.62717437576893,107.3575683975823,103.939824242319,105.50992766680581,102.83083122298906,106.84329877349005,104.19659692318663,105.71130852766814,105.80011375308725,102.12377804378436,105.75723334724097,103.58060909635707,104.93730976743377,103.87064937667857,103.05383670110443,104.99249701002174,103.55798761986108,105.58336402270211,104.47716735797513,103.16186643044227,105.96239398147844,102.58450646950286,105.34582474033911,103.76367975736639,105.51877629001541,102.80187574910444,103.04529306680013,103.71503189786344,103.83958575471988,104.40672307388576,103.46387361408038,103.94360151301849,103.33448108888958,104.5821579081525,103.57320872084142,105.17129403059408,104.62442411965809,103.64672279081582,105.40990023969425,104.49840753876121,105.7406373397761,104.82968144317674,104.26059280001503,103.23736000696692,102.86709428143392,104.50493350628462,105.2679982763411,104.6249379749291,104.31711948897602,104.0492525533751,106.62717437576893,107.3575683975823,103.939824242319
8,104.35833926626718,106.73678132610753,104.91877659853506,103.11812814237037,103.90389137913643,105.37984942332939,104.66536921763594,104.07247891685984,104.73713112941455,104.89270199656258,105.0578464889332,105.21493482544714,104.09955378651551,106.11944264731737,104.95134641888451,103.89457954777856,105.37511906496837,106.1079207006491,104.35531880039531,102.44628179826108,107.10526947171327,103.79608420157378,106.36499977590303,107.55705760278053,106.04105584071924,105.60779826925659,105.05458276111534,105.02853659805258,104.3564170669778,104.91261158817586,105.0554187070096,103.90327152534644,103.31267942918026,104.38219458439588,106.84187253041698,106.23626570887795,105.40741722180674,103.72381910176105,104.79730454116923,105.64400677022279,107.00901616939699,106.07372221288931,104.64167706798052,103.99725110854453,103.87783976473357,105.39153789038068,105.29152552292481,105.33718933947594,105.1588960535364,104.60366511404878,104.35833926626718,106.73678132610753,104.91877659853506,103.11812814237037,103.90389137913643,105.37984942332939,104.66536921763594,104.07247891685984,104.73713112941455,104.89270199656258,105.0578464889332,105.21493482544714,104.09955378651551,106.11944264731737,104.95134641888451,103.89457954777856,105.37511906496837,106.1079207006491,104.35531880039531,102.44628179826108,107.10526947171327,103.79608420157378,106.36499977590303,107.55705760278053,106.04105584071924,105.60779826925659,105.05458276111534,105.02853659805258,104.3564170669778,104.91261158817586,105.0554187070096,103.90327152534644,103.31267942918026,104.38219458439588,106.84187253041698,106.23626570887795,105.40741722180674,103.72381910176105,104.79730454116923,105.64400677022279,107.00901616939699,106.07372221288931,104.64167706798052,103.99725110854453,103.87783976473357,105.39153789038068,105.29152552292481,105.33718933947594,105.1588960535364,104.60366511404878,104.35833926626718,106.73678132610753,104.91877659853506,103.11812814237037,103.90389137913643,105.37984942332939,104.66536921763594,104.07247891685984,104.73713112941455,104.89270199656258,105.0578464889332,105.21493482544714,104.09955378651551,106.11944264731737,104.95134641888451,103.89457954777856,105.37511906496837,106.1079207006491,104.35531880039531,102.44628179826108,107.10526947171327,103.79608420157378,106.36499977590303,107.55705760278053,106.04105584071924,105.60779826925659,105.05458276111534,105.02853659805258,104.3564170669778,104.91261158817586,105.0554187070096,103.90327152534644,103.31267942918026,104.38219458439588,106.84187253041698,106.23626570887795,105.40741722180674,103.72381910176105,104.79730454116923,105.64400677022279,107.00901616939699,106.07372221288931,104.64167706798052,103.99725110854453,103.87783976473357,105.39153789038068,105.29152552292481,105.33718933947594,105.1588960535364,104.60366511404878,104.35833926626718,106.73678132610753,104.91877659853506,103.11812814237037,103.90389137913643,105.37984942332939,104.66536921763594,104.07247891685984,104.73713112941455,104.89270199656258,105.0578464889332,105.21493482544714,104.09955378651551,106.11944264731737,104.95134641888451,103.89457954777856,105.37511906496837,106.1079207006491,104.35531880039531,102.44628179826108,107.10526947171327,103.79608420157378,106.36499977590303,107.55705760278053,106.04105584071924,105.60779826925659,105.05458276111534,105.02853659805258,104.3564170669778,104.91261158817586,105.0554187070096,103.90327152534644,103.31267942918026,104.38219458439588,106.84187253041698,106.23626570887795,105.40741722180674,103.72381910176105,104.79730454116923,105.64400677022279,107.00901616939699,106.07372221288931,104.64167706798052,103.99725110854453,103.87783976473357,105.39153789038068,105.29152552292481,105.33718933947594,105.1588960535364,104.60366511404878
9,104.6990354569202,103.75468032775969,102.73215713257012,103.14742600927511,103.65212981542804,103.2392691477057,104.47110367574884,103.62945337200485,104.52879509022071,102.595768480591,103.41336260800337,105.63877702984456,104.31764078241575,104.53952513906091,105.81870525748603,102.17029511871583,104.72143500097991,104.83279889270693,105.37059905740749,104.26134918303022,104.52993919448501,103.95901783347121,104.04475726188839,101.6328867523024,104.40987891366471,103.78366677253045,104.76368192323993,103.19988667336762,104.31739034311671,103.6773922243249,103.08208068978259,103.29547191672881,106.28320901415559,104.79771902025365,104.17435452917316,101.87052938446287,103.99199508679037,104.65169883402869,103.76058819966322,104.4147346011453,105.11579521191477,106.37902632036506,102.91670175646283,101.81381592196963,103.55952622059039,103.28982726651884,106.58303592155275,103.76288545728863,104.33726553890656,102.82919042569569,104.6990354569202,103.75468032775969,102.73215713257012,103.14742600927511,103.65212981542804,103.2392691477057,104.47110367574884,103.62945337200485,104.52879509022071,102.595768480591,103.41336260800337,105.63877702984456,104.31764078241575,104.53952513906091,105.81870525748603,102.17029511871583,104.72143500097991,104.83279889270693,105.37059905740749,104.26134918303022,104.52993919448501,103.95901783347121,104.04475726188839,101.6328867523024,104.40987891366471,103.78366677253045,104.76368192323993,103.19988667336762,104.31739034311671,103.6773922243249,103.08208068978259,103.29547191672881,106.28320901415559,104.79771902025365,104.17435452917316,101.87052938446287,103.99199508679037,104.65169883402869,103.76058819966322,104.4147346011453,105.11579521191477,106.37902632036506,102.91670175646283,101.81381592196963,103.55952622059039,103.28982726651884,106.58303592155275,103.76288545728863,104.33726553890656,102.82919042569569,104.6990354569202,103.75468032775969,102.73215713257012,103.14742600927511,103.65212981542804,103.2392691477057,104.47110367574884,103.62945337200485,104.52879509022071,102.595768480591,103.41336260800337,105.63877702984456,104.31764078241575,104.53952513906091,105.81870525748603,102.17029511871583,104.72143500097991,104.83279889270693,105.37059905740749,104.26134918303022,104.52993919448501,103.95901783347121,104.04475726188839,101.6328867523024,104.40987891366471,103.78366677253045,104.76368192323993,103.19988667336762,104.31739034311671,103.6773922243249,103.08208068978259,103.29547191672881,106.28320901415559,104.79771902025365,104.17435452917316,101.87052938446287,103.99199508679037,104.65169883402869,103.76058819966322,104.4147346011453,105.11579521191477,106.37902632036506,102.91670175646283,101.81381592196963,103.55952622059039,103.28982726651884,106.58303592155275,103.76288545728863,104.33726553890656,102.82919042569569,104.6990354569202,103.75468032775969,102.73215713257012,103.14742600927511,103.65212981542804,103.2392691477057,104.47110367574884,103.62945337200485,104.52879509022071,102.595768480591,103.41336260800337,105.63877702984456,104.31764078241575,104.53952513906091,105.81870525748603,102.17029511871583,104.72143500097991,104.83279889270693,105.37059905740749,104.26134918303022,104.52993919448501,103.95901783347121,104.04475726188839,101.6328867523024,104.40987891366471,103.78366677253045,104.76368192323993,103.19988667336762,104.31739034311671,103.6773922243249,103.08208068978259,103.29547191672881,106.28320901415559,104.79771902025365,104.17435452917316,101.87052938446287,103.99199508679037,104.65169883402869,103.76058819966322,104.4147346011453,105.11579521191477,106.37902632036506,102.91670175646283,101.81381592196963,103.55952622059039,103.28982726651884,106.58303592155275,103.76288545728863,104.33726553890656,102.82919042569569
10,103.8312826885652,104.48386340465312,105.41184749098473,103.83469823583867,104.80801794453745,104.84505312241001,106.21733107844274,103.91892858749304,106.71915884153837,105.80549811318,102.49495895808073,102.42512226054268,104.761077789419,105.41125168662931,104.07557783178417,103.85205769165202,105.73203342495052,104.01337058273789,104.47987108963592,103.58746945662966,102.8511242459623,100.4170532529003,103.19450186001805,104.21430744640021,105.3999464588987,104.13331514629287,103.39519759844748,105.59937579964893,102.62103797298906,104.7975155221531,104.43099033936682,101.79040442216512,105.85050410723287,103.0886626657917,105.85032842510269,102.94653296189675,101.85979105218763,103.7491303512168,105.15573174833887,108.1850891751344,104.3910660096966,102.68189857641761,103.69196077564308,102.40046767835341,105.63769034021105,104.50729182062197,105.4715564654053,105.42027987620955,103.83626885583962,103.85478835283084,103.8312826885652,104.48386340465312,105.41184749098473,103.83469823583867,104.80801794453745,104.84505312241001,106.21733107844274,103.91892858749304,106.71915884153837,105.80549811318,102.49495895808073,102.42512226054268,104.761077789419,105.41125168662931,104.07557783178417,103.85205769165202,105.73203342495052,104.01337058273789,104.47987108963592,103.58746945662966,102.8511242459623,100.4170532529003,103.19450186001805,104.21430744640021,105.3999464588987,104.13331514629287,103.39519759844748,105.59937579964893,102.62103797298906,104.7975155221531,104.43099033936682,101.79040442216512,105.85050410723287,103.0886626657917,105.85032842510269,102.94653296189675,101.85979105218763,103.7491303512168,105.15573174833887,108.1850891751344,104.3910660096966,102.68189857641761,103.69196077564308,102.40046767835341,105.63769034021105,104.50729182062197,105.4715564654053,105.42027987620955,103.83626885583962,103.85478835283084,103.8312826885652,104.48386340465312,105.41184749098473,103.83469823583867,104.80801794453745,104.84505312241001,106.21733107844274,103.91892858749304,106.71915884153837,105.80549811318,102.49495895808073,102.42512226054268,104.761077789419,105.41125168662931,104.07557783178417,103.85205769165202,105.73203342495052,104.01337058273789,104.47987108963592,103.58746945662966,102.8511242459623,100.4170532529003,103.19450186001805,104.21430744640021,105.3999464588987,104.13331514629287,103.39519759844748,105.59937579964893,102.62103797298906,104.7975155221531,104.43099033936682,101.79040442216512,105.85050410723287,103.0886626657917,105.85032842510269,102.94653296189675,101.85979105218763,103.7491303512168,105.15573174833887,108.1850891751344,104.3910660096966,102.68189857641761,103.69196077564308,102.40046767835341,105.63769034021105,104.50729182062197,105.4715564654053,105.42027987620955,103.83626885583962,103.85478835283084,103.8312826885652,104.48386340465312,105.41184749098473,103.83469823583867,104.80801794453745,104.84505312241001,106.21733107844274,103.91892858749304,106.71915884153837,105.80549811318,102.49495895808073,102.42512226054268,104.761077789419,105.41125168662931,104.07557783178417,103.85205769165202,105.73203342495052,104.01337058273789,104.47987108963592,103.58746945662966,102.8511242459623,100.4170532529003,103.19450186001805,104.21430744640021,105.3999464588987,104.13331514629287,103.39519759844748,105.59937579964893,102.62103797298906,104.7975155221531,104.43099033936682,101.79040442216512,105.85050410723287,103.0886626657917,105.85032842510269,102.94653296189675,101.85979105218763,103.7491303512168,105.15573174833887,108.1850891751344,104.3910660096966,102.68189857641761,103.69196077564308,102.40046767835341,105.63769034021105,104.50729182062197,105.4715564654053,105.42027987620955,103.83626885583962,103.85478835283084
11,104.19712616496116,103.01840543566996,103.26902262454196,106.06884951784012,105.96858385613065,106.65993690737052,104.13254916334735,102.97075756538338,104.98412230179241,105.69374428886081,104.8538204400763,104.99648209501262,103.89154756535324,107.10088111671328,108.11288520649363,105.8221421950439,106.06476872230758,105.70239240253663,103.44490413116627,105.81726828523483,105.89768599039338,103.51048489668588,105.33751744603202,105.49264558270447,105.54342133361334,106.12004683500597,107.34128426213758,104.58880344458738,103.03964954718262,103.75280837940946,105.38163543522896,104.12334966036562,104.19289084278661,104.59455300409924,104.85253666285631,102.26314881702778,104.66001369840353,103.79503761778308,105.70059607349842,106.14560953845901,106.58853603928722,105.46149062631922,105.69799472222066,104.82865108415207,104.06049783131756,104.57820886150358,104.36883779590877,102.05186426051164,103.7250144257418,105.23328688229579,104.19712616496116,103.01840543566996,103.26902262454196,106.06884951784012,105.96858385613065,106.65993690737052,104.13254916334735,102.97075756538338,104.98412230179241,105.69374428886081,104.8538204400763,104.99648209501262,103.89154756535324,107.10088111671328,108.11288520649363,105.8221421950439,106.06476872230758,105.70239240253663,103.44490413116627,105.81726828523483,105.89768599039338,103.51048489668588,105.33751744603202,105.49264558270447,105.54342133361334,106.12004683500597,107.34128426213758,104.58880344458738,103.03964954718262,103.75280837940946,105.38163543522896,104.12334966036562,104.19289084278661,104.59455300409924,104.85253666285631,102.26314881702778,104.66001369840353,103.79503761778308,105.70059607349842,106.14560953845901,106.58853603928722,105.46149062631922,105.69799472222066,104.82865108415207,104.06049783131756,104.57820886150358,104.36883779590877,102.05186426051164,103.7250144257418,105.23328688229579,104.19712616496116,103.01840543566996,103.26902262454196,106.06884951784012,105.96858385613065,106.65993690737052,104.13254916334735,102.97075756538338,104.98412230179241,105.69374428886081,104.8538204400763,104.99648209501262,103.89154756535324,107.10088111671328,108.11288520649363,105.8221421950439,106.06476872230758,105.70239240253663,103.44490413116627,105.81726828523483,105.89768599039338,103.51048489668588,105.33751744603202,105.49264558270447,105.54342133361334,106.12004683500597,107.34128426213758,104.58880344458738,103.03964954718262,103.75280837940946,105.38163543522896,104.12334966036562,104.19289084278661,104.59455300409924,104.85253666285631,102.26314881702778,104.66001369840353,103.79503761778308,105.70059607349842,106.14560953845901,106.58853603928722,105.46149062631922,105.69799472222066,104.82865108415207,104.06049783131756,104.57820886150358,104.36883779590877,102.05186426051164,103.7250144257418,105.23328688229579,104.19712616496116,103.01840543566996,103.26902262454196,106.06884951784012,105.96858385613065,106.65993690737052,104.13254916334735,102.97075756538338,104.98412230179241,105.69374428886081,104.8538204400763,104.99648209501262,103.89154756535324,107.10088111671328,108.11288520649363,105.8221421950439,106.06476872230758,105.70239240253663,103.44490413116627,105.81726828523483,105.89768599039338,103.51048489668588,105.33751744603202,105.49264558270447,105.54342133361334,106.12004683500597,107.34128426213758,104.58880344458738,103.03964954718262,103.75280837940946,105.38163543522896,104.12334966036562,104.19289084278661,104.59455300409924,104.85253666285631,102.26314881702778,104.66001369840353,103.79503761778308,105.70059607349842,106.14560953845901,106.58853603928722,105.46149062631922,105.69799472222066,104.82865108415207,104.06049783131756,104.57820886150358,104.36883779590877,102.05186426051164,103.7250144257418,105.23328688229579
